{"stats":{"minecraft:custom":{"minecraft:interact_with_furnace":9,"minecraft:mob_kills":26,"minecraft:traded_with_villager":126,"minecraft:interact_with_crafting_table":13,"minecraft:leave_game":4,"minecraft:time_since_death":46208,"minecraft:sleep_in_bed":4,"minecraft:climb_one_cm":8,"minecraft:time_since_rest":62368,"minecraft:sprint_one_cm":391366,"minecraft:damage_taken":3390,"minecraft:walk_one_cm":232742,"minecraft:drop":6,"minecraft:damage_dealt":5459,"minecraft:minecart_one_cm":26366,"minecraft:player_kills":1,"minecraft:swim_one_cm":33024,"minecraft:fly_one_cm":676584,"minecraft:talked_to_villager":51,"minecraft:open_chest":90,"minecraft:play_time":207924,"minecraft:crouch_one_cm":35014,"minecraft:sneak_time":12353,"minecraft:deaths":6,"minecraft:walk_under_water_one_cm":4745,"minecraft:boat_one_cm":151855,"minecraft:jump":2652,"minecraft:fall_one_cm":63748,"minecraft:total_world_time":207924,"minecraft:walk_on_water_one_cm":8272,"minecraft:interact_with_smoker":3},"minecraft:broken":{"minecraft:iron_axe":1},"minecraft:killed_by":{"minecraft:piglin_brute":1,"minecraft:iron_golem":2},"minecraft:used":{"minecraft:water_bucket":10,"minecraft:spruce_door":1,"minecraft:baked_potato":28,"minecraft:oak_planks":19,"minecraft:spruce_planks":41,"minecraft:wooden_pickaxe":3,"minecraft:diamond_axe":287,"minecraft:torch":4,"minecraft:dirt":8,"minecraft:sand":2,"minecraft:crafting_table":8,"minecraft:white_bed":8,"minecraft:end_stone":41,"minecraft:spruce_boat":3,"minecraft:wooden_axe":26,"minecraft:ender_eye":4,"minecraft:diamond_pickaxe":126,"minecraft:iron_pickaxe":61,"minecraft:iron_axe":254,"minecraft:spruce_sapling":48,"minecraft:stone_axe":29,"minecraft:golden_carrot":1,"minecraft:furnace":1,"minecraft:cooked_porkchop":12,"minecraft:bucket":11},"minecraft:mined":{"minecraft:spruce_planks":10,"minecraft:white_bed":3,"minecraft:deepslate_diamond_ore":1,"minecraft:dark_oak_leaves":1,"minecraft:end_stone":92,"minecraft:torch":2,"minecraft:crafting_table":8,"minecraft:granite":2,"minecraft:grass_block":10,"minecraft:spruce_leaves":1,"minecraft:oak_planks":9,"minecraft:iron_door":7,"minecraft:wall_torch":9,"minecraft:large_fern":8,"minecraft:spruce_sapling":9,"minecraft:furnace":1,"minecraft:spruce_log":467,"minecraft:birch_leaves":1,"minecraft:andesite":2,"minecraft:coal_ore":37,"minecraft:oak_log":11,"minecraft:cave_vines":1,"minecraft:sand":11,"minecraft:dirt":11,"minecraft:cracked_stone_bricks":1,"minecraft:bamboo":13,"minecraft:stone":25,"minecraft:stone_bricks":6,"minecraft:oak_leaves":1,"minecraft:mossy_stone_bricks":2,"minecraft:deepslate":8,"minecraft:fern":2},"minecraft:crafted":{"minecraft:golden_carrot":24,"minecraft:oak_planks":44,"minecraft:emerald":114,"minecraft:cooked_porkchop":12,"minecraft:diamond_axe":1,"minecraft:crafting_table":2,"minecraft:spruce_planks":1840,"minecraft:baked_potato":10,"minecraft:wooden_pickaxe":1,"minecraft:iron_helmet":1,"minecraft:spruce_door":3,"minecraft:furnace":1,"minecraft:bucket":1,"minecraft:stone_axe":1,"minecraft:air":0,"minecraft:oak_boat":1,"minecraft:diamond_helmet":1,"minecraft:iron_chestplate":2,"minecraft:diamond_pickaxe":1,"minecraft:iron_axe":2,"minecraft:stick":3704,"minecraft:iron_pickaxe":1,"minecraft:wooden_axe":1,"minecraft:white_bed":6,"minecraft:spruce_boat":1,"minecraft:torch":4,"minecraft:shears":1,"minecraft:diamond_chestplate":1},"minecraft:dropped":{"minecraft:wheat_seeds":1,"minecraft:diamond_axe":1,"minecraft:stick":1,"minecraft:torch":5,"minecraft:dragon_egg":1,"minecraft:spruce_log":1},"minecraft:killed":{"minecraft:pig":8,"minecraft:spider":1,"minecraft:iron_golem":4,"minecraft:skeleton":4,"minecraft:zombie":5,"minecraft:silverfish":2,"minecraft:drowned":1,"minecraft:enderman":1},"minecraft:picked_up":{"minecraft:crafting_table":11,"minecraft:iron_chestplate":1,"minecraft:water_bucket":1,"minecraft:andesite":4,"minecraft:wooden_pickaxe":3,"minecraft:potato":2,"minecraft:oak_log":11,"minecraft:gunpowder":1,"minecraft:string":1,"minecraft:dirt":23,"minecraft:iron_axe":1,"minecraft:bone":3,"minecraft:stone_bricks":2,"minecraft:kelp":2,"minecraft:wheat_seeds":3,"minecraft:diamond_leggings":1,"minecraft:spruce_planks":12,"minecraft:iron_ingot":95,"minecraft:ender_eye":4,"minecraft:poppy":3,"minecraft:bamboo":222,"minecraft:oak_planks":24,"minecraft:furnace":1,"minecraft:stick":31,"minecraft:end_stone":144,"minecraft:copper_ingot":2,"minecraft:torch":26,"minecraft:porkchop":12,"minecraft:sand":2,"minecraft:spruce_sapling":50,"minecraft:white_bed":11,"minecraft:spruce_log":463,"minecraft:spruce_door":2,"minecraft:dragon_egg":1,"minecraft:arrow":103,"minecraft:rotten_flesh":5,"minecraft:spruce_boat":4,"minecraft:stone_axe":3,"minecraft:shears":1,"minecraft:diamond_boots":2,"minecraft:iron_helmet":1,"minecraft:granite":1,"minecraft:diamond_axe":1,"minecraft:emerald":41,"minecraft:baked_potato":83,"minecraft:oak_sapling":3,"minecraft:glow_berries":4,"minecraft:ender_pearl":11,"minecraft:coal":84,"minecraft:cobblestone":23,"minecraft:white_wool":21,"minecraft:diamond_pickaxe":1,"minecraft:wooden_axe":2}},"DataVersion":3463}