{"stats":{"minecraft:broken":{"minecraft:stone_pickaxe":6,"minecraft:stone_axe":1,"minecraft:stone_sword":1,"minecraft:wooden_pickaxe":1,"minecraft:iron_axe":1,"minecraft:iron_pickaxe":3},"minecraft:used":{"minecraft:moss_block":4,"minecraft:iron_shovel":47,"minecraft:dispenser":1,"minecraft:spruce_slab":40,"minecraft:ladder":124,"minecraft:diamond_hoe":2,"minecraft:chest":30,"minecraft:iron_sword":113,"minecraft:rotten_flesh":56,"minecraft:soul_campfire":5,"minecraft:mutton":2,"minecraft:soul_sand":5,"minecraft:carrot":119,"minecraft:snowball":1,"minecraft:obsidian":45,"minecraft:glass":1,"minecraft:lava_bucket":18,"minecraft:coal_ore":29,"minecraft:iron_helmet":1,"minecraft:hopper_minecart":3,"minecraft:stone_bricks":204,"minecraft:bow":187,"minecraft:dark_oak_boat":1,"minecraft:furnace":4,"minecraft:oak_sapling":1,"minecraft:beetroot_seeds":14,"minecraft:potato":60,"minecraft:golden_boots":1,"minecraft:end_rod":8,"minecraft:diamond_boots":2,"minecraft:diorite":62,"minecraft:stone_pickaxe":1026,"minecraft:oak_planks":2,"minecraft:chorus_fruit":21,"minecraft:powered_rail":37,"minecraft:ender_pearl":43,"minecraft:wooden_pickaxe":77,"minecraft:diamond_axe":863,"minecraft:sugar_cane":76,"minecraft:jungle_boat":2,"minecraft:cookie":119,"minecraft:glow_berries":2,"minecraft:end_stone":52,"minecraft:redstone_torch":2,"minecraft:lever":41,"minecraft:firework_rocket":14,"minecraft:bread":27,"minecraft:iron_door":2,"minecraft:gravel":71,"minecraft:polished_andesite_slab":8,"minecraft:diamond_sword":1574,"minecraft:wooden_sword":8,"minecraft:grindstone":2,"minecraft:andesite":47,"minecraft:oak_trapdoor":7,"minecraft:purpur_block":6,"minecraft:enchanting_table":1,"minecraft:stone_sword":127,"minecraft:flint_and_steel":15,"minecraft:stone_shovel":130,"minecraft:redstone":18,"minecraft:spruce_planks":16,"minecraft:cooked_salmon":6,"minecraft:stone_hoe":4,"minecraft:cooked_chicken":4,"minecraft:netherrack":5,"minecraft:torch":249,"minecraft:brewing_stand":2,"minecraft:dirt":425,"minecraft:hopper":13,"minecraft:cobblestone_wall":24,"minecraft:spruce_stairs":4,"minecraft:diamond_helmet":1,"minecraft:granite":21,"minecraft:spruce_fence":8,"minecraft:stone_brick_slab":29,"minecraft:wooden_axe":19,"minecraft:bookshelf":24,"minecraft:iron_axe":538,"minecraft:diamond_chestplate":4,"minecraft:golden_carrot":14,"minecraft:soul_soil":2,"minecraft:minecart":30,"minecraft:cooked_beef":6,"minecraft:observer":23,"minecraft:brown_bed":2,"minecraft:wheat_seeds":82,"minecraft:cooked_mutton":17,"minecraft:water_bucket":55,"minecraft:cobblestone_stairs":68,"minecraft:polished_andesite":11,"minecraft:baked_potato":112,"minecraft:fletching_table":3,"minecraft:cobblestone_slab":18,"minecraft:rail":561,"minecraft:crafting_table":14,"minecraft:white_bed":50,"minecraft:smoker":6,"minecraft:spruce_log":21,"minecraft:oak_log":1,"minecraft:piston":26,"minecraft:apple":36,"minecraft:diamond_pickaxe":2229,"minecraft:activator_rail":27,"minecraft:iron_pickaxe":1311,"minecraft:suspicious_stew":4,"minecraft:detector_rail":3,"minecraft:spruce_trapdoor":250,"minecraft:spruce_sapling":53,"minecraft:stone_axe":172,"minecraft:cobblestone":2938,"minecraft:potion":1,"minecraft:porkchop":3,"minecraft:cooked_porkchop":6,"minecraft:bucket":78,"minecraft:yellow_bed":19,"minecraft:diamond_leggings":6},"minecraft:killed_by":{"minecraft:creeper":1,"minecraft:drowned":1,"minecraft:piglin":1,"minecraft:witch":3,"minecraft:zombie":1,"minecraft:player":1,"minecraft:iron_golem":2},"minecraft:custom":{"minecraft:interact_with_crafting_table":152,"minecraft:bell_ring":2,"minecraft:leave_game":27,"minecraft:time_since_death":258981,"minecraft:sprint_one_cm":4127121,"minecraft:drop":270,"minecraft:talked_to_villager":506,"minecraft:play_time":1818962,"minecraft:deaths":14,"minecraft:jump":13065,"minecraft:walk_on_water_one_cm":290970,"minecraft:interact_with_furnace":42,"minecraft:traded_with_villager":769,"minecraft:sleep_in_bed":43,"minecraft:open_enderchest":5,"minecraft:damage_dealt":105515,"minecraft:interact_with_beacon":5,"minecraft:crouch_one_cm":270905,"minecraft:interact_with_smoker":34,"minecraft:inspect_dispenser":9,"minecraft:horse_one_cm":65,"minecraft:interact_with_smithing_table":5,"minecraft:mob_kills":1469,"minecraft:interact_with_anvil":31,"minecraft:inspect_hopper":21,"minecraft:climb_one_cm":70488,"minecraft:walk_one_cm":4033798,"minecraft:sneak_time":89926,"minecraft:walk_under_water_one_cm":604904,"minecraft:boat_one_cm":368800,"minecraft:interact_with_blast_furnace":1,"minecraft:total_world_time":1818962,"minecraft:interact_with_grindstone":10,"minecraft:interact_with_stonecutter":1,"minecraft:time_since_rest":73950,"minecraft:damage_taken":14976,"minecraft:minecart_one_cm":1965717,"minecraft:swim_one_cm":573424,"minecraft:fly_one_cm":2462670,"minecraft:open_chest":1079,"minecraft:aviate_one_cm":589619,"minecraft:fall_one_cm":290673},"minecraft:dropped":{"minecraft:diamond_axe":6,"minecraft:oak_log":1,"minecraft:baked_potato":69,"minecraft:glass_bottle":12,"minecraft:ender_pearl":10,"minecraft:cooked_porkchop":1,"minecraft:cookie":25,"minecraft:emerald":14,"minecraft:flint":2,"minecraft:dirt":48,"minecraft:sand":6,"minecraft:iron_pickaxe":9,"minecraft:gold_ingot":2,"minecraft:bone":1,"minecraft:gravel":5,"minecraft:stone_axe":29,"minecraft:purpur_block":1,"minecraft:sugar_cane":14,"minecraft:cobbled_deepslate":355,"minecraft:golden_chestplate":1,"minecraft:wheat":1,"minecraft:rotten_flesh":1,"minecraft:diamond_shovel":1,"minecraft:end_stone":68,"minecraft:white_bed":2,"minecraft:salmon":1,"minecraft:poppy":24,"minecraft:leather_boots":1,"minecraft:spruce_slab":4,"minecraft:iron_bars":1,"minecraft:arrow":227,"minecraft:powered_rail":2,"minecraft:glass":3,"minecraft:firework_rocket":64,"minecraft:iron_ingot":385,"minecraft:stone_hoe":8,"minecraft:water_bucket":2,"minecraft:golden_boots":2,"minecraft:wheat_seeds":4,"minecraft:golden_helmet":1,"minecraft:diamond_leggings":3,"minecraft:iron_helmet":1,"minecraft:cobblestone":176,"minecraft:observer":1,"minecraft:granite":119,"minecraft:spruce_door":1,"minecraft:polished_andesite":31,"minecraft:grass_block":1,"minecraft:stick":17,"minecraft:lava_bucket":1,"minecraft:milk_bucket":3,"minecraft:diorite":5,"minecraft:iron_door":3,"minecraft:diamond_helmet":1,"minecraft:iron_axe":2,"minecraft:paper":114,"minecraft:string":2,"minecraft:spruce_sapling":18,"minecraft:dandelion":2,"minecraft:redstone":79,"minecraft:oak_trapdoor":1,"minecraft:tuff":46,"minecraft:bowl":2,"minecraft:stone_shovel":1,"minecraft:clay_ball":1,"minecraft:flint_and_steel":2,"minecraft:diamond_sword":2,"minecraft:potato":1,"minecraft:cobblestone_slab":4,"minecraft:stone":64,"minecraft:spruce_trapdoor":65,"minecraft:spruce_planks":6,"minecraft:diamond_pickaxe":4,"minecraft:andesite":70,"minecraft:redstone_torch":1,"minecraft:bamboo":2,"minecraft:spider_eye":1,"minecraft:diamond_boots":1,"minecraft:bow":35,"minecraft:stone_pickaxe":6,"minecraft:red_tulip":2},"minecraft:killed":{"minecraft:zombified_piglin":2,"minecraft:witch":8,"minecraft:spider":28,"minecraft:shulker":38,"minecraft:skeleton":422,"minecraft:chicken":3,"minecraft:silverfish":4,"minecraft:piglin_brute":2,"minecraft:magma_cube":1,"minecraft:piglin":4,"minecraft:pig":5,"minecraft:zombie_villager":10,"minecraft:salmon":8,"minecraft:iron_golem":18,"minecraft:ender_dragon":1,"minecraft:creeper":369,"minecraft:sheep":12,"minecraft:zombie":450,"minecraft:cow":6,"minecraft:phantom":5,"minecraft:drowned":4,"minecraft:hoglin":5,"minecraft:villager":1,"minecraft:enderman":31},"minecraft:mined":{"minecraft:spruce_planks":7,"minecraft:white_bed":54,"minecraft:cobblestone_stairs":19,"minecraft:brewing_stand":1,"minecraft:obsidian":24,"minecraft:spruce_trapdoor":15,"minecraft:granite":186,"minecraft:budding_amethyst":1,"minecraft:grass_block":28,"minecraft:jungle_log":2,"minecraft:soul_soil":1,"minecraft:purpur_slab":2,"minecraft:hopper":3,"minecraft:spawner":2,"minecraft:magma_block":1,"minecraft:iron_ore":26,"minecraft:fire":5,"minecraft:pumpkin":6,"minecraft:deepslate_lapis_ore":1,"minecraft:fletching_table":3,"minecraft:brown_bed":2,"minecraft:iron_bars":1,"minecraft:spruce_slab":23,"minecraft:deepslate_redstone_ore":14,"minecraft:blackstone":5,"minecraft:kelp_plant":5,"minecraft:smoker":4,"minecraft:soul_fire":9,"minecraft:purpur_stairs":2,"minecraft:clay":84,"minecraft:torch":46,"minecraft:calcite":2,"minecraft:chest":9,"minecraft:nether_quartz_ore":20,"minecraft:cobblestone":224,"minecraft:sugar_cane":134,"minecraft:oak_planks":1,"minecraft:iron_door":6,"minecraft:wall_torch":31,"minecraft:amethyst_block":3,"minecraft:deepslate_copper_ore":2,"minecraft:seagrass":1,"minecraft:powered_rail":8,"minecraft:wheat":55,"minecraft:activator_rail":4,"minecraft:purpur_block":13,"minecraft:smooth_stone_slab":1,"minecraft:oak_log":15,"minecraft:beetroots":12,"minecraft:sand":4,"minecraft:dirt":110,"minecraft:smooth_basalt":2,"minecraft:netherrack":5,"minecraft:piston":8,"minecraft:oak_leaves":9,"minecraft:deepslate":446,"minecraft:tuff":62,"minecraft:deepslate_diamond_ore":25,"minecraft:dark_oak_log":9,"minecraft:end_stone":163,"minecraft:lever":10,"minecraft:ladder":5,"minecraft:spruce_fence":3,"minecraft:redstone_wire":2,"minecraft:soul_campfire":1,"minecraft:polished_andesite_slab":2,"minecraft:spruce_leaves":2,"minecraft:moss_block":2,"minecraft:redstone_ore":34,"minecraft:oak_trapdoor":6,"minecraft:spruce_sapling":5,"minecraft:furnace":1,"minecraft:carrots":74,"minecraft:andesite":129,"minecraft:detector_rail":1,"minecraft:bookshelf":53,"minecraft:potatoes":72,"minecraft:cobblestone_slab":6,"minecraft:deepslate_iron_ore":29,"minecraft:vine":1,"minecraft:rail":112,"minecraft:chorus_plant":11,"minecraft:bamboo":7,"minecraft:stone":2384,"minecraft:bone_block":16,"minecraft:podzol":5,"minecraft:light_gray_carpet":3,"minecraft:soul_sand":48,"minecraft:infested_stone_bricks":1,"minecraft:stone_brick_slab":25,"minecraft:observer":5,"minecraft:crafting_table":5,"minecraft:short_grass":6,"minecraft:emerald_ore":1,"minecraft:lectern":1,"minecraft:purpur_pillar":14,"minecraft:copper_ore":13,"minecraft:deepslate_gold_ore":20,"minecraft:lapis_ore":16,"minecraft:diorite":30,"minecraft:cobblestone_wall":12,"minecraft:redstone_torch":1,"minecraft:ice":30,"minecraft:white_carpet":9,"minecraft:spruce_log":1053,"minecraft:birch_leaves":1,"minecraft:yellow_bed":18,"minecraft:coal_ore":250,"minecraft:end_rod":13,"minecraft:gravel":99,"minecraft:cobweb":20,"minecraft:polished_andesite":1,"minecraft:stone_bricks":68,"minecraft:mossy_stone_bricks":1,"minecraft:gold_ore":19,"minecraft:fern":2},"minecraft:crafted":{"minecraft:brick":20,"minecraft:grindstone":2,"minecraft:oak_planks":152,"minecraft:cobblestone_slab":18,"minecraft:dark_oak_boat":1,"minecraft:cooked_chicken":4,"minecraft:cobblestone_stairs":60,"minecraft:lever":35,"minecraft:bookshelf":4,"minecraft:cooked_mutton":17,"minecraft:hopper":11,"minecraft:diamond_helmet":1,"minecraft:diamond_leggings":2,"minecraft:bow":2,"minecraft:iron_boots":10,"minecraft:chest":32,"minecraft:rail":128,"minecraft:stone_hoe":13,"minecraft:golden_boots":1,"minecraft:smoker":2,"minecraft:oak_slab":6,"minecraft:emerald":648,"minecraft:cooked_porkchop":14,"minecraft:soul_campfire":5,"minecraft:diamond_axe":1,"minecraft:crafting_table":12,"minecraft:spruce_planks":4516,"minecraft:jungle_boat":1,"minecraft:wooden_pickaxe":2,"minecraft:baked_potato":202,"minecraft:hopper_minecart":1,"minecraft:dispenser":1,"minecraft:spruce_trapdoor":358,"minecraft:book":1,"minecraft:paper":72,"minecraft:diamond_pickaxe":5,"minecraft:shield":1,"minecraft:stick":6753,"minecraft:stone_slab":6,"minecraft:iron_ingot":27,"minecraft:iron_pickaxe":6,"minecraft:stone_sword":2,"minecraft:gold_ingot":25,"minecraft:redstone_torch":4,"minecraft:wooden_sword":1,"minecraft:redstone":4,"minecraft:stone_shovel":1,"minecraft:iron_nugget":18,"minecraft:diamond_hoe":1,"minecraft:furnace":5,"minecraft:bone_meal":150,"minecraft:spruce_fence":6,"minecraft:polished_andesite_slab":64,"minecraft:oak_trapdoor":2,"minecraft:flint_and_steel":2,"minecraft:spruce_stairs":4,"minecraft:iron_axe":4,"minecraft:ladder":123,"minecraft:spruce_slab":12,"minecraft:ender_pearl":5,"minecraft:stone_pickaxe":13,"minecraft:cobblestone_wall":24,"minecraft:dark_oak_planks":36,"minecraft:minecart":7,"minecraft:cooked_beef":5,"minecraft:diamond_sword":3,"minecraft:spruce_sign":12,"minecraft:enchanting_table":1,"minecraft:powered_rail":18,"minecraft:activator_rail":12,"minecraft:iron_sword":2,"minecraft:cooked_salmon":7,"minecraft:bucket":7,"minecraft:stone_axe":44,"minecraft:glowstone":3,"minecraft:enchanted_book":8,"minecraft:bread":14,"minecraft:air":0,"minecraft:jungle_planks":8,"minecraft:chainmail_boots":1,"minecraft:wooden_axe":2,"minecraft:iron_shovel":1,"minecraft:iron_leggings":5,"minecraft:torch":228,"minecraft:lapis_lazuli":15,"minecraft:lapis_block":23,"minecraft:diamond_chestplate":3},"minecraft:picked_up":{"minecraft:shulker_shell":16,"minecraft:wheat":72,"minecraft:suspicious_stew":7,"minecraft:lead":1,"minecraft:diamond_sword":2,"minecraft:brown_bed":3,"minecraft:potion":1,"minecraft:enchanted_book":5,"minecraft:brewing_stand":2,"minecraft:string":114,"minecraft:raw_copper":63,"minecraft:soul_soil":23,"minecraft:beetroot":12,"minecraft:activator_rail":9,"minecraft:diamond_leggings":14,"minecraft:gold_nugget":2,"minecraft:cobbled_deepslate":388,"minecraft:bucket":12,"minecraft:spruce_planks":540,"minecraft:eye_armor_trim_smithing_template":3,"minecraft:redstone_torch":8,"minecraft:cobblestone_slab":6,"minecraft:iron_pickaxe":16,"minecraft:hopper_minecart":2,"minecraft:furnace":1,"minecraft:golden_helmet":1,"minecraft:stick":344,"minecraft:torch":304,"minecraft:porkchop":36,"minecraft:diorite":63,"minecraft:golden_chestplate":1,"minecraft:stone_sword":2,"minecraft:rotten_flesh":349,"minecraft:red_tulip":2,"minecraft:carved_pumpkin":1,"minecraft:end_rod":20,"minecraft:bookshelf":96,"minecraft:obsidian":106,"minecraft:iron_bars":1,"minecraft:snowball":1,"minecraft:cobblestone":5477,"minecraft:magma_block":3,"minecraft:feather":2,"minecraft:magma_cream":1,"minecraft:iron_door":5,"minecraft:jungle_log":2,"minecraft:water_bucket":3,"minecraft:andesite":121,"minecraft:smoker":4,"minecraft:potato":325,"minecraft:flint":16,"minecraft:tuff":57,"minecraft:lapis_lazuli":240,"minecraft:dirt":228,"minecraft:glass":6,"minecraft:bone":226,"minecraft:bow":23,"minecraft:wheat_seeds":190,"minecraft:raw_gold":54,"minecraft:diamond_helmet":2,"minecraft:fletching_table":3,"minecraft:bamboo":214,"minecraft:glowstone_dust":2,"minecraft:powered_rail":16,"minecraft:moss_block":2,"minecraft:oak_planks":48,"minecraft:cooked_porkchop":2,"minecraft:poisonous_potato":1,"minecraft:sand":8,"minecraft:grass_block":1,"minecraft:dark_oak_log":9,"minecraft:polished_andesite":75,"minecraft:spruce_fence_gate":132,"minecraft:sugar":8,"minecraft:diamond":39,"minecraft:lever":13,"minecraft:granite":145,"minecraft:bone_meal":1,"minecraft:spruce_sign":48,"minecraft:emerald":11,"minecraft:bread":6,"minecraft:netherrack":6,"minecraft:light_gray_carpet":3,"minecraft:oak_sapling":1,"minecraft:chorus_fruit":115,"minecraft:diamond_pickaxe":7,"minecraft:crafting_table":5,"minecraft:chicken":5,"minecraft:ladder":69,"minecraft:clay_ball":337,"minecraft:wooden_pickaxe":1,"minecraft:purpur_block":12,"minecraft:oak_trapdoor":6,"minecraft:elytra":1,"minecraft:iron_axe":10,"minecraft:flint_and_steel":5,"minecraft:white_carpet":9,"minecraft:iron_shovel":1,"minecraft:blackstone":5,"minecraft:detector_rail":19,"minecraft:beef":12,"minecraft:observer":6,"minecraft:poppy":90,"minecraft:spruce_slab":40,"minecraft:minecart":27,"minecraft:sugar_cane":319,"minecraft:chest":11,"minecraft:diamond_hoe":1,"minecraft:spruce_trapdoor":92,"minecraft:piston":6,"minecraft:phantom_membrane":5,"minecraft:raw_iron":69,"minecraft:end_stone":204,"minecraft:stone":511,"minecraft:copper_ingot":3,"minecraft:bowl":1,"minecraft:spruce_fence":11,"minecraft:cookie":213,"minecraft:music_disc_11":2,"minecraft:carrot":363,"minecraft:redstone":629,"minecraft:stone_shovel":1,"minecraft:diamond_chestplate":8,"minecraft:arrow":436,"minecraft:beetroot_seeds":29,"minecraft:diamond_boots":3,"minecraft:glow_berries":4,"minecraft:mutton":19,"minecraft:bone_block":16,"minecraft:rail":456,"minecraft:white_wool":10,"minecraft:jungle_boat":1,"minecraft:golden_carrot":22,"minecraft:salmon":9,"minecraft:leather":21,"minecraft:oak_log":16,"minecraft:cobblestone_wall":12,"minecraft:golden_boots":2,"minecraft:yellow_bed":19,"minecraft:gunpowder":114,"minecraft:cobblestone_stairs":25,"minecraft:paper":76,"minecraft:apple":48,"minecraft:stone_bricks":622,"minecraft:kelp":34,"minecraft:stone_pickaxe":4,"minecraft:iron_ingot":1255,"minecraft:glass_bottle":7,"minecraft:polished_andesite_slab":189,"minecraft:iron_sword":3,"minecraft:soul_sand":53,"minecraft:book":12,"minecraft:milk_bucket":1,"minecraft:pumpkin":6,"minecraft:stone_brick_slab":81,"minecraft:quartz":19,"minecraft:dandelion":2,"minecraft:gravel":83,"minecraft:spruce_sapling":135,"minecraft:white_bed":55,"minecraft:spruce_log":1297,"minecraft:spider_eye":38,"minecraft:spruce_door":3,"minecraft:firework_rocket":263,"minecraft:diamond_shovel":2,"minecraft:stone_axe":3,"minecraft:iron_helmet":1,"minecraft:diamond_axe":7,"minecraft:baked_potato":15,"minecraft:coal":389,"minecraft:hopper":6,"minecraft:ender_pearl":74}},"DataVersion":3953}