{"stats":{"minecraft:picked_up":{"minecraft:wheat":12,"minecraft:string":2,"minecraft:pufferfish":1,"minecraft:beetroot":3,"minecraft:diamond_leggings":1,"minecraft:cobbled_deepslate":232,"minecraft:spruce_planks":139,"minecraft:poppy":11,"minecraft:iron_pickaxe":1,"minecraft:sugar_cane":13,"minecraft:chest":1,"minecraft:spruce_trapdoor":1,"minecraft:egg":4,"minecraft:raw_iron":47,"minecraft:stick":90,"minecraft:composter":1,"minecraft:torch":23,"minecraft:diorite":16,"minecraft:carrot":19,"minecraft:redstone":10,"minecraft:stone_sword":1,"minecraft:beetroot_seeds":8,"minecraft:diamond_boots":1,"minecraft:hay_block":18,"minecraft:cod":3,"minecraft:snowball":1,"minecraft:cobblestone":463,"minecraft:birch_log":13,"minecraft:andesite":52,"minecraft:potato":6,"minecraft:birch_planks":32,"minecraft:flint":20,"minecraft:oak_log":21,"minecraft:lapis_lazuli":64,"minecraft:dirt":363,"minecraft:name_tag":1,"minecraft:cooked_mutton":5,"minecraft:bone":4,"minecraft:kelp":2,"minecraft:wheat_seeds":54,"minecraft:raw_gold":9,"minecraft:iron_ingot":35,"minecraft:stone_pickaxe":1,"minecraft:fletching_table":2,"minecraft:oak_planks":96,"minecraft:emerald_block":5,"minecraft:birch_boat":1,"minecraft:dandelion":1,"minecraft:gravel":90,"minecraft:sand":36,"minecraft:spruce_sapling":16,"minecraft:white_bed":1,"minecraft:spruce_log":58,"minecraft:diamond":23,"minecraft:granite":28,"minecraft:spruce_button":28,"minecraft:oak_sapling":2,"minecraft:coal":144,"minecraft:diamond_pickaxe":2},"minecraft:dropped":{"minecraft:bread":28,"minecraft:wheat_seeds":1,"minecraft:diamond_axe":1,"minecraft:spruce_button":56,"minecraft:dirt":3,"minecraft:iron_pickaxe":1,"minecraft:spruce_sapling":4,"minecraft:bone":2,"minecraft:emerald_block":5,"minecraft:cooked_mutton":5,"minecraft:white_bed":1,"minecraft:shears":1,"minecraft:diamond_pickaxe":1},"minecraft:custom":{"minecraft:mob_kills":18,"minecraft:interact_with_crafting_table":33,"minecraft:open_barrel":1,"minecraft:leave_game":4,"minecraft:time_since_death":106374,"minecraft:sprint_one_cm":269951,"minecraft:walk_one_cm":469009,"minecraft:drop":21,"minecraft:talked_to_villager":31,"minecraft:play_time":140032,"minecraft:deaths":1,"minecraft:sneak_time":5064,"minecraft:walk_under_water_one_cm":6543,"minecraft:boat_one_cm":101908,"minecraft:jump":1486,"minecraft:walk_on_water_one_cm":5252,"minecraft:total_world_time":140032,"minecraft:interact_with_furnace":23,"minecraft:sleep_in_bed":6,"minecraft:time_since_rest":969,"minecraft:damage_taken":1279,"minecraft:damage_dealt":9276,"minecraft:swim_one_cm":2826,"minecraft:fly_one_cm":226571,"minecraft:open_chest":26,"minecraft:crouch_one_cm":13126,"minecraft:fish_caught":3,"minecraft:fall_one_cm":35649},"minecraft:killed_by":{"minecraft:creeper":1},"minecraft:broken":{"minecraft:iron_shovel":2,"minecraft:wooden_pickaxe":2,"minecraft:stone_pickaxe":3,"minecraft:wooden_axe":1},"minecraft:crafted":{"minecraft:oak_planks":84,"minecraft:fishing_rod":1,"minecraft:diamond_hoe":1,"minecraft:spruce_button":28,"minecraft:birch_boat":2,"minecraft:furnace":2,"minecraft:spruce_fence":27,"minecraft:cooked_mutton":7,"minecraft:diamond_leggings":1,"minecraft:spruce_slab":12,"minecraft:stone_pickaxe":3,"minecraft:chest":5,"minecraft:diamond_boots":1,"minecraft:wheat":162,"minecraft:diamond_sword":1,"minecraft:diamond_axe":1,"minecraft:crafting_table":8,"minecraft:spruce_planks":228,"minecraft:wooden_pickaxe":2,"minecraft:birch_planks":52,"minecraft:bread":54,"minecraft:air":0,"minecraft:spruce_trapdoor":4,"minecraft:diamond_pickaxe":1,"minecraft:stick":56,"minecraft:iron_ingot":23,"minecraft:iron_pickaxe":2,"minecraft:wooden_axe":1,"minecraft:iron_block":3,"minecraft:iron_shovel":2,"minecraft:gold_ingot":7,"minecraft:anvil":1,"minecraft:composter":1,"minecraft:torch":44,"minecraft:shears":1},"minecraft:used":{"minecraft:beetroot":3,"minecraft:iron_shovel":501,"minecraft:redstone":2,"minecraft:poppy":1,"minecraft:diamond_hoe":250,"minecraft:chest":6,"minecraft:torch":47,"minecraft:dirt":197,"minecraft:anvil":1,"minecraft:carrot":19,"minecraft:granite":2,"minecraft:wooden_axe":59,"minecraft:barrel":1,"minecraft:furnace":2,"minecraft:beetroot_seeds":8,"minecraft:egg":1,"minecraft:potato":17,"minecraft:cobbled_deepslate":3,"minecraft:wheat_seeds":51,"minecraft:cooked_mutton":4,"minecraft:water_bucket":1,"minecraft:diorite":6,"minecraft:stone_pickaxe":393,"minecraft:wooden_pickaxe":118,"minecraft:birch_boat":2,"minecraft:composter":2,"minecraft:fletching_table":2,"minecraft:diamond_axe":111,"minecraft:sugar_cane":13,"minecraft:crafting_table":8,"minecraft:diamond_pickaxe":71,"minecraft:bread":20,"minecraft:iron_pickaxe":143,"minecraft:spruce_trapdoor":5,"minecraft:spruce_sapling":1,"minecraft:fishing_rod":20,"minecraft:diamond_sword":150,"minecraft:cobblestone":54,"minecraft:andesite":19},"minecraft:killed":{"minecraft:spider":1,"minecraft:skeleton":4,"minecraft:drowned":1,"minecraft:salmon":3,"minecraft:iron_golem":9},"minecraft:mined":{"minecraft:farmland":1,"minecraft:deepslate_diamond_ore":21,"minecraft:spruce_trapdoor":1,"minecraft:granite":15,"minecraft:grass_block":323,"minecraft:redstone_wire":2,"minecraft:spruce_leaves":15,"minecraft:composter":1,"minecraft:hay_block":18,"minecraft:tall_seagrass":2,"minecraft:redstone_ore":2,"minecraft:spruce_sapling":1,"minecraft:carrots":19,"minecraft:iron_ore":29,"minecraft:snow":1,"minecraft:andesite":36,"minecraft:fletching_table":2,"minecraft:potatoes":5,"minecraft:deepslate_iron_ore":12,"minecraft:dirt_path":5,"minecraft:stone":294,"minecraft:dandelion":1,"minecraft:short_grass":119,"minecraft:chest":1,"minecraft:cobblestone":4,"minecraft:tall_grass":5,"minecraft:deepslate_gold_ore":2,"minecraft:lapis_ore":4,"minecraft:sugar_cane":8,"minecraft:oak_planks":92,"minecraft:diorite":14,"minecraft:wall_torch":1,"minecraft:birch_log":13,"minecraft:wheat":25,"minecraft:spruce_log":57,"minecraft:birch_leaves":1,"minecraft:coal_ore":143,"minecraft:oak_log":21,"minecraft:beetroots":6,"minecraft:gravel":129,"minecraft:sand":36,"minecraft:dirt":32,"minecraft:gold_ore":7,"minecraft:oak_leaves":5,"minecraft:deepslate":122}},"DataVersion":3953}