{"stats":{"minecraft:broken":{"minecraft:diamond_helmet":1,"minecraft:shears":1,"minecraft:diamond_shovel":6,"minecraft:iron_pickaxe":3,"minecraft:stone_pickaxe":1,"minecraft:diamond_boots":1,"minecraft:stone_axe":1,"minecraft:diamond_axe":1},"minecraft:used":{"minecraft:chest":57,"minecraft:stone":366,"minecraft:farmland":3,"minecraft:soul_sand":46,"minecraft:spruce_boat":9,"minecraft:lava_bucket":16,"minecraft:villager_spawn_egg":37,"minecraft:grass_block":23,"minecraft:stone_brick_stairs":322,"minecraft:bow":621,"minecraft:furnace":12,"minecraft:egg":4,"minecraft:potato":168,"minecraft:mossy_stone_bricks":2,"minecraft:diorite":7,"minecraft:chorus_fruit":13,"minecraft:powered_rail":4,"minecraft:wooden_pickaxe":26,"minecraft:composter":6,"minecraft:cookie":15,"minecraft:blast_furnace":2,"minecraft:pumpkin_seeds":4,"minecraft:lectern":235,"minecraft:diamond_sword":2617,"minecraft:smithing_table":6,"minecraft:stone_sword":56,"minecraft:netherrack":10,"minecraft:torch":82,"minecraft:brewing_stand":1,"minecraft:anvil":6,"minecraft:iron_axe":10,"minecraft:iron_block":403,"minecraft:glowstone":3,"minecraft:cobbled_deepslate":29,"minecraft:wheat_seeds":270,"minecraft:water_bucket":1102,"minecraft:fletching_table":21,"minecraft:spruce_fence_gate":111,"minecraft:rail":1013,"minecraft:crafting_table":21,"minecraft:red_bed":1,"minecraft:white_bed":325,"minecraft:campfire":9,"minecraft:spruce_log":85,"minecraft:ender_eye":22,"minecraft:diamond_pickaxe":25393,"minecraft:diamond_shovel":21729,"minecraft:iron_pickaxe":805,"minecraft:spruce_trapdoor":31,"minecraft:spruce_sapling":568,"minecraft:cobblestone":245,"minecraft:cooked_porkchop":6,"minecraft:kelp":213,"minecraft:zombie_spawn_egg":5,"minecraft:bell":13,"minecraft:carrot":469,"minecraft:tuff":12,"minecraft:obsidian":29,"minecraft:milk_bucket":2,"minecraft:glass":180,"minecraft:stone_bricks":6686,"minecraft:magma_block":1,"minecraft:beetroot_seeds":20,"minecraft:wither_skeleton_skull":6,"minecraft:stone_pickaxe":266,"minecraft:oak_planks":3,"minecraft:ender_pearl":69,"minecraft:diamond_axe":14679,"minecraft:sugar_cane":2,"minecraft:white_wool":5,"minecraft:end_stone":321,"minecraft:shears":262,"minecraft:firework_rocket":114,"minecraft:bread":28,"minecraft:gravel":60,"minecraft:grindstone":2,"minecraft:andesite":1,"minecraft:bone_meal":18,"minecraft:experience_bottle":1,"minecraft:purpur_block":12,"minecraft:flint_and_steel":5,"minecraft:stone_shovel":94,"minecraft:spruce_planks":746,"minecraft:cooked_chicken":1,"minecraft:dirt":5262,"minecraft:hopper":9,"minecraft:spruce_fence":97,"minecraft:iron_hoe":90,"minecraft:stone_brick_slab":1196,"minecraft:bookshelf":17,"minecraft:golden_carrot":450,"minecraft:soul_soil":9,"minecraft:minecart":63,"minecraft:cooked_beef":9,"minecraft:pumpkin":2,"minecraft:brown_bed":2,"minecraft:cooked_mutton":3,"minecraft:iron_ore":3,"minecraft:polished_andesite":1,"minecraft:baked_potato":21,"minecraft:spruce_sign":52,"minecraft:beacon":3,"minecraft:stonecutter":1,"minecraft:cobblestone_slab":428,"minecraft:apple":18,"minecraft:stone_slab":7,"minecraft:stone_axe":145,"minecraft:bucket":1113,"minecraft:yellow_bed":87},"minecraft:killed_by":{"minecraft:creeper":1,"minecraft:witch":1,"minecraft:iron_golem":4,"minecraft:skeleton":3},"minecraft:custom":{"minecraft:interact_with_crafting_table":250,"minecraft:open_barrel":1,"minecraft:bell_ring":63,"minecraft:leave_game":88,"minecraft:time_since_death":1438713,"minecraft:play_time":3650405,"minecraft:deaths":10,"minecraft:jump":53972,"minecraft:interact_with_furnace":59,"minecraft:traded_with_villager":3707,"minecraft:sleep_in_bed":154,"minecraft:damage_dealt":242421,"minecraft:interact_with_smoker":1,"minecraft:inspect_dispenser":1,"minecraft:horse_one_cm":2222,"minecraft:interact_with_anvil":48,"minecraft:inspect_hopper":14,"minecraft:sneak_time":274614,"minecraft:interact_with_blast_furnace":1,"minecraft:total_world_time":3650405,"minecraft:time_since_rest":11001,"minecraft:swim_one_cm":1378307,"minecraft:fly_one_cm":15117279,"minecraft:open_chest":1376,"minecraft:fall_one_cm":893009,"minecraft:animals_bred":7,"minecraft:sprint_one_cm":7772684,"minecraft:drop":1217,"minecraft:talked_to_villager":1113,"minecraft:walk_on_water_one_cm":766483,"minecraft:interact_with_beacon":14,"minecraft:crouch_one_cm":883454,"minecraft:mob_kills":1877,"minecraft:climb_one_cm":35378,"minecraft:walk_one_cm":8496091,"minecraft:walk_under_water_one_cm":1098933,"minecraft:boat_one_cm":514053,"minecraft:interact_with_grindstone":3,"minecraft:damage_taken":25033,"minecraft:minecart_one_cm":43636,"minecraft:aviate_one_cm":4338881},"minecraft:dropped":{"minecraft:iron_sword":1,"minecraft:short_grass":2,"minecraft:porkchop":32,"minecraft:lapis_lazuli":2,"minecraft:glass_bottle":1,"minecraft:crafting_table":1,"minecraft:cooked_porkchop":1,"minecraft:cookie":252,"minecraft:elytra":1,"minecraft:rail":993,"minecraft:emerald":81,"minecraft:dirt":409,"minecraft:red_bed":1,"minecraft:stone_button":6,"minecraft:gold_nugget":9,"minecraft:bone_meal":4,"minecraft:sunflower":19,"minecraft:phantom_membrane":1,"minecraft:sand":68,"minecraft:sugar":12,"minecraft:iron_pickaxe":4,"minecraft:bone":441,"minecraft:oak_door":14,"minecraft:stone_axe":20,"minecraft:emerald_block":20,"minecraft:sugar_cane":89,"minecraft:lever":2,"minecraft:polished_andesite_slab":123,"minecraft:iron_nugget":16,"minecraft:detector_rail":6,"minecraft:golden_chestplate":2,"minecraft:cobbled_deepslate":10,"minecraft:wheat":228,"minecraft:obsidian":40,"minecraft:rotten_flesh":388,"minecraft:grindstone":2,"minecraft:oak_planks":11,"minecraft:glowstone_dust":3,"minecraft:end_stone":1,"minecraft:azure_bluet":6,"minecraft:white_bed":4,"minecraft:hopper":1,"minecraft:ladder":4,"minecraft:leather_leggings":2,"minecraft:spruce_slab":12,"minecraft:ghast_tear":1,"minecraft:lectern":1,"minecraft:egg":2,"minecraft:enchanted_book":4,"minecraft:golden_boots":2,"minecraft:iron_ingot":1830,"minecraft:wheat_seeds":541,"minecraft:oak_fence":62,"minecraft:feather":1,"minecraft:iron_helmet":11,"minecraft:cobblestone":468,"minecraft:apple":63,"minecraft:granite":277,"minecraft:polished_andesite":44,"minecraft:oxeye_daisy":1,"minecraft:lava_bucket":1,"minecraft:golden_carrot":77,"minecraft:rose_bush":1,"minecraft:potion":2,"minecraft:oak_stairs":602,"minecraft:smooth_stone":2,"minecraft:iron_shovel":2,"minecraft:paper":27,"minecraft:string":105,"minecraft:spruce_sapling":345,"minecraft:stone_brick_slab":360,"minecraft:zombie_spawn_egg":1,"minecraft:soul_soil":45,"minecraft:stone_sword":5,"minecraft:cobblestone_wall":6,"minecraft:stone_shovel":10,"minecraft:chicken":3,"minecraft:clay_ball":32,"minecraft:stone_slab":6,"minecraft:white_terracotta":34,"minecraft:spruce_fence":7,"minecraft:shears":1,"minecraft:pumpkin_seeds":8,"minecraft:suspicious_stew":18,"minecraft:diamond_sword":3,"minecraft:cobblestone_slab":1,"minecraft:potato":351,"minecraft:stone":304,"minecraft:peony":1,"minecraft:spruce_trapdoor":3,"minecraft:spruce_planks":310,"minecraft:diamond_pickaxe":15,"minecraft:carved_pumpkin":3,"minecraft:redstone_torch":3,"minecraft:brown_bed":1,"minecraft:stone_bricks":196,"minecraft:spider_eye":38,"minecraft:barrel":2,"minecraft:bow":71,"minecraft:red_tulip":1,"minecraft:bell":21,"minecraft:magma_block":1,"minecraft:terracotta":4,"minecraft:spruce_sign":2,"minecraft:soul_sand":73,"minecraft:moss_block":2,"minecraft:diamond_axe":20,"minecraft:ender_pearl":3,"minecraft:leather":10,"minecraft:cod":2,"minecraft:music_disc_11":1,"minecraft:flint":22,"minecraft:cobblestone_stairs":14,"minecraft:cracked_polished_blackstone_bricks":1,"minecraft:cornflower":2,"minecraft:mutton":9,"minecraft:snowball":1,"minecraft:polished_blackstone_bricks":8,"minecraft:stripped_oak_wood":1,"minecraft:gold_ingot":1,"minecraft:cauldron":4,"minecraft:gravel":138,"minecraft:white_tulip":1,"minecraft:purpur_block":20,"minecraft:beetroot":11,"minecraft:diamond_shovel":4,"minecraft:carrot":2682,"minecraft:chainmail_chestplate":11,"minecraft:poppy":224,"minecraft:gunpowder":154,"minecraft:beetroot_seeds":7,"minecraft:chest":4,"minecraft:basalt":2,"minecraft:arrow":586,"minecraft:powered_rail":8,"minecraft:quartz":21,"minecraft:netherrack":151,"minecraft:firework_rocket":135,"minecraft:water_bucket":2,"minecraft:stone_hoe":13,"minecraft:bread":62,"minecraft:oak_slab":9,"minecraft:golden_helmet":3,"minecraft:mossy_cobblestone":52,"minecraft:minecart":2,"minecraft:diamond_leggings":4,"minecraft:poisonous_potato":4,"minecraft:activator_rail":3,"minecraft:grass_block":3,"minecraft:stick":574,"minecraft:spruce_fence_gate":56,"minecraft:iron_block":29,"minecraft:diorite":23,"minecraft:brewing_stand":1,"minecraft:torch":12,"minecraft:iron_door":18,"minecraft:stonecutter":3,"minecraft:iron_axe":4,"minecraft:bucket":5,"minecraft:dandelion":14,"minecraft:redstone":124,"minecraft:farmland":1,"minecraft:anvil":2,"minecraft:kelp":298,"minecraft:oak_trapdoor":8,"minecraft:raw_iron":4,"minecraft:composter":1,"minecraft:light_gray_wool":1,"minecraft:villager_spawn_egg":3,"minecraft:iron_hoe":1,"minecraft:flint_and_steel":1,"minecraft:copper_ore":7,"minecraft:shield":1,"minecraft:diamond_chestplate":2,"minecraft:andesite":254,"minecraft:oak_sapling":4,"minecraft:golden_sword":4,"minecraft:diamond_boots":1,"minecraft:spruce_log":38,"minecraft:stone_pickaxe":30,"minecraft:wooden_pickaxe":1,"minecraft:magma_cream":1},"minecraft:killed":{"minecraft:shulker":16,"minecraft:skeleton":411,"minecraft:chicken":2,"minecraft:magma_cube":91,"minecraft:iron_golem":92,"minecraft:zombie":409,"minecraft:cow":7,"minecraft:horse":3,"minecraft:enderman":42,"minecraft:zombified_piglin":29,"minecraft:witch":11,"minecraft:spider":62,"minecraft:wither":1,"minecraft:silverfish":1,"minecraft:piglin_brute":1,"minecraft:piglin":11,"minecraft:pig":5,"minecraft:zombie_villager":9,"minecraft:creeper":350,"minecraft:sheep":4,"minecraft:trader_llama":2,"minecraft:ghast":1,"minecraft:blaze":87,"minecraft:phantom":5,"minecraft:drowned":6,"minecraft:hoglin":6,"minecraft:squid":10,"minecraft:wither_skeleton":102,"minecraft:villager":17},"minecraft:crafted":{"minecraft:smooth_stone":3,"minecraft:blaze_powder":128,"minecraft:diamond_shovel":7,"minecraft:bookshelf":27,"minecraft:quartz_block":9,"minecraft:glass":102,"minecraft:diamond_helmet":2,"minecraft:diamond_leggings":4,"minecraft:beacon":1,"minecraft:stone_pressure_plate":1,"minecraft:name_tag":4,"minecraft:emerald":6550,"minecraft:cooked_porkchop":6,"minecraft:diamond_axe":1,"minecraft:smithing_table":4,"minecraft:clock":7,"minecraft:brown_bed":1,"minecraft:fletching_table":7,"minecraft:campfire":12,"minecraft:stone_brick_stairs":256,"minecraft:lectern":10,"minecraft:stone_slab":18,"minecraft:iron_pickaxe":3,"minecraft:iron_block":464,"minecraft:composter":2,"minecraft:spruce_fence_gate":129,"minecraft:golden_carrot":420,"minecraft:stone_shovel":9,"minecraft:experience_bottle":1,"minecraft:yellow_bed":3,"minecraft:bone_meal":21,"minecraft:spruce_fence":66,"minecraft:lantern":11,"minecraft:detector_rail":6,"minecraft:ladder":48,"minecraft:spruce_slab":72,"minecraft:ender_pearl":9,"minecraft:stone_pickaxe":23,"minecraft:diamond_boots":8,"minecraft:spruce_boat":2,"minecraft:polished_granite":140,"minecraft:glowstone":3,"minecraft:enchanted_book":46,"minecraft:white_bed":52,"minecraft:grindstone":2,"minecraft:oak_planks":1032,"minecraft:cooked_chicken":1,"minecraft:stone":6,"minecraft:suspicious_stew":14,"minecraft:hopper":9,"minecraft:stone_brick_slab":894,"minecraft:bow":7,"minecraft:chest":57,"minecraft:rail":1120,"minecraft:stone_hoe":10,"minecraft:ender_eye":24,"minecraft:stone_bricks":7112,"minecraft:arrow":192,"minecraft:crafting_table":11,"minecraft:spruce_planks":42340,"minecraft:wooden_pickaxe":2,"minecraft:iron_helmet":10,"minecraft:chainmail_chestplate":8,"minecraft:birch_planks":24,"minecraft:pumpkin_seeds":4,"minecraft:apple":96,"minecraft:spruce_trapdoor":8,"minecraft:book":4,"minecraft:paper":234,"minecraft:diamond_pickaxe":3,"minecraft:emerald_block":415,"minecraft:stick":83465,"minecraft:iron_ingot":2302,"minecraft:stone_sword":2,"minecraft:shears":3,"minecraft:polished_andesite":152,"minecraft:cookie":14,"minecraft:furnace":8,"minecraft:blast_furnace":1,"minecraft:piston":44,"minecraft:iron_hoe":1,"minecraft:observer":28,"minecraft:minecart":6,"minecraft:glistering_melon_slice":6,"minecraft:cooked_beef":12,"minecraft:spruce_sign":45,"minecraft:bell":6,"minecraft:bucket":4,"minecraft:stone_axe":22,"minecraft:bread":60,"minecraft:air":0,"minecraft:white_dye":1,"minecraft:anvil":2,"minecraft:torch":76,"minecraft:diamond_chestplate":3,"minecraft:firework_rocket":684},"minecraft:picked_up":{"minecraft:suspicious_stew":4,"minecraft:anvil":2,"minecraft:lead":4,"minecraft:smithing_table":2,"minecraft:stone_slab":5,"minecraft:diamond_sword":4,"minecraft:oak_stairs":604,"minecraft:brown_bed":2,"minecraft:enchanted_book":4,"minecraft:brewing_stand":5,"minecraft:golden_sword":4,"minecraft:string":107,"minecraft:soul_soil":55,"minecraft:beetroot":11,"minecraft:diamond_leggings":7,"minecraft:gold_nugget":54,"minecraft:cobbled_deepslate":39,"minecraft:spruce_planks":982,"minecraft:golden_helmet":2,"minecraft:composter":5,"minecraft:purpur_pillar":1,"minecraft:golden_chestplate":1,"minecraft:cauldron":8,"minecraft:stone_sword":6,"minecraft:iron_block":268,"minecraft:red_tulip":1,"minecraft:carved_pumpkin":5,"minecraft:white_terracotta":213,"minecraft:blaze_rod":127,"minecraft:iron_bars":27,"minecraft:snowball":1,"minecraft:birch_log":6,"minecraft:magma_block":4,"minecraft:feather":1,"minecraft:cooked_beef":4,"minecraft:iron_door":18,"minecraft:water_bucket":5,"minecraft:brown_wool":3,"minecraft:flint":268,"minecraft:stonecutter":4,"minecraft:diamond_helmet":4,"minecraft:glowstone_dust":3,"minecraft:moss_block":2,"minecraft:stripped_spruce_log":2,"minecraft:ink_sac":21,"minecraft:dark_oak_log":1,"minecraft:barrel":2,"minecraft:polished_andesite":133,"minecraft:lever":5,"minecraft:granite":853,"minecraft:bread":50,"minecraft:diamond_pickaxe":18,"minecraft:crafting_table":19,"minecraft:clay_ball":40,"minecraft:leather_leggings":1,"minecraft:dragon_head":1,"minecraft:purpur_block":32,"minecraft:cornflower":2,"minecraft:elytra":2,"minecraft:flint_and_steel":1,"minecraft:glass_pane":10,"minecraft:beef":13,"minecraft:iron_nugget":16,"minecraft:poppy":405,"minecraft:spruce_slab":6,"minecraft:minecart":63,"minecraft:chest":10,"minecraft:piston":4,"minecraft:egg":6,"minecraft:copper_ore":99,"minecraft:stone":15199,"minecraft:oak_door":14,"minecraft:spruce_fence":14,"minecraft:carrot":1518,"minecraft:redstone":273,"minecraft:stone_shovel":2,"minecraft:diamond_chestplate":6,"minecraft:beetroot_seeds":27,"minecraft:peony":2,"minecraft:shears":5,"minecraft:diamond_boots":4,"minecraft:purpur_slab":2,"minecraft:gold_ingot":1,"minecraft:mutton":20,"minecraft:bone_block":1,"minecraft:rail":2006,"minecraft:white_wool":175,"minecraft:oxeye_daisy":1,"minecraft:stripped_oak_log":64,"minecraft:birch_leaves":7,"minecraft:oak_log":256,"minecraft:golden_boots":1,"minecraft:paper":123,"minecraft:stone_bricks":1981,"minecraft:kelp":523,"minecraft:stone_pickaxe":10,"minecraft:iron_ore":4,"minecraft:glass_bottle":1,"minecraft:iron_sword":2,"minecraft:dark_oak_stairs":3,"minecraft:milk_bucket":2,"minecraft:gravel":1656,"minecraft:spruce_sapling":1135,"minecraft:spruce_log":10845,"minecraft:dragon_egg":1,"minecraft:firework_rocket":70,"minecraft:diamond_shovel":8,"minecraft:coal_ore":136,"minecraft:short_grass":2,"minecraft:diamond_axe":28,"minecraft:baked_potato":21,"minecraft:hopper":1,"minecraft:ender_pearl":86,"minecraft:shulker_shell":6,"minecraft:wheat":298,"minecraft:yellow_wool":9,"minecraft:potion":1,"minecraft:stone_brick_stairs":72,"minecraft:raw_copper":22,"minecraft:activator_rail":23,"minecraft:smooth_stone":2,"minecraft:bucket":6,"minecraft:white_tulip":1,"minecraft:rose_bush":1,"minecraft:redstone_torch":1,"minecraft:ender_eye":4,"minecraft:iron_pickaxe":13,"minecraft:furnace":12,"minecraft:stick":1775,"minecraft:oak_fence":64,"minecraft:torch":140,"minecraft:porkchop":38,"minecraft:diorite":152,"minecraft:rotten_flesh":702,"minecraft:obsidian":42,"minecraft:cod":1,"minecraft:cobblestone":2773,"minecraft:magma_cream":43,"minecraft:andesite":459,"minecraft:beacon":2,"minecraft:potato":580,"minecraft:tuff":12,"minecraft:wither_skeleton_skull":5,"minecraft:dirt":15470,"minecraft:glass":85,"minecraft:bone":862,"minecraft:bow":20,"minecraft:wheat_seeds":857,"minecraft:bell":28,"minecraft:grindstone":3,"minecraft:mossy_stone_bricks":2,"minecraft:fletching_table":16,"minecraft:bamboo":28,"minecraft:powered_rail":17,"minecraft:oak_planks":446,"minecraft:stone_hoe":3,"minecraft:ghast_tear":1,"minecraft:cooked_porkchop":1,"minecraft:poisonous_potato":9,"minecraft:sand":267,"minecraft:grass_block":4,"minecraft:mossy_cobblestone":52,"minecraft:spruce_fence_gate":62,"minecraft:sugar":12,"minecraft:diamond":21,"minecraft:spruce_boat":7,"minecraft:cracked_polished_blackstone_bricks":1,"minecraft:bone_meal":4,"minecraft:spruce_sign":23,"minecraft:emerald":290,"minecraft:oak_sapling":7,"minecraft:netherrack":158,"minecraft:chorus_fruit":31,"minecraft:nether_star":1,"minecraft:oak_leaves":226,"minecraft:chicken":4,"minecraft:azure_bluet":6,"minecraft:ladder":4,"minecraft:shield":1,"minecraft:oak_trapdoor":11,"minecraft:iron_axe":5,"minecraft:detector_rail":4,"minecraft:observer":2,"minecraft:light_gray_wool":5,"minecraft:lectern":226,"minecraft:sugar_cane":322,"minecraft:spruce_trapdoor":9,"minecraft:phantom_membrane":1,"minecraft:raw_iron":79,"minecraft:end_stone":322,"minecraft:polished_blackstone_bricks":8,"minecraft:stone_button":6,"minecraft:cookie":15,"minecraft:music_disc_11":1,"minecraft:dark_oak_planks":2,"minecraft:arrow":1065,"minecraft:basalt":2,"minecraft:golden_carrot":105,"minecraft:leather":28,"minecraft:birch_planks":9,"minecraft:chainmail_chestplate":3,"minecraft:yellow_bed":84,"minecraft:gunpowder":509,"minecraft:cobblestone_wall":6,"minecraft:cobblestone_stairs":14,"minecraft:cooked_mutton":3,"minecraft:iron_ingot":1427,"minecraft:stripped_oak_wood":1,"minecraft:polished_andesite_slab":247,"minecraft:soul_sand":89,"minecraft:book":72,"minecraft:oak_slab":36,"minecraft:emerald_block":20,"minecraft:pumpkin":18,"minecraft:stone_brick_slab":710,"minecraft:quartz":145,"minecraft:dandelion":14,"minecraft:lava_bucket":2,"minecraft:blast_furnace":1,"minecraft:white_bed":227,"minecraft:spider_eye":63,"minecraft:pumpkin_seeds":8,"minecraft:iron_helmet":1,"minecraft:terracotta":4,"minecraft:coal":282,"minecraft:sunflower":19},"minecraft:mined":{"minecraft:dark_oak_planks":3,"minecraft:dragon_wall_head":1,"minecraft:white_bed":235,"minecraft:carved_pumpkin":2,"minecraft:obsidian":42,"minecraft:granite":882,"minecraft:purpur_slab":1,"minecraft:oxeye_daisy":1,"minecraft:spawner":1,"minecraft:polished_blackstone_bricks":8,"minecraft:tall_seagrass":12,"minecraft:magma_block":1,"minecraft:fire":50,"minecraft:cobbled_deepslate":4,"minecraft:barrel":3,"minecraft:pumpkin":18,"minecraft:fletching_table":14,"minecraft:cave_vines":1,"minecraft:dirt_path":578,"minecraft:water_cauldron":8,"minecraft:oak_stairs":551,"minecraft:iron_block":239,"minecraft:kelp_plant":57,"minecraft:crimson_nylium":10,"minecraft:soul_fire":3,"minecraft:powder_snow":4,"minecraft:torch":12,"minecraft:blast_furnace":1,"minecraft:white_stained_glass_pane":4,"minecraft:spruce_wall_sign":9,"minecraft:glass":96,"minecraft:sugar_cane":197,"minecraft:white_terracotta":213,"minecraft:wheat":249,"minecraft:stone_brick_stairs":74,"minecraft:stonecutter":4,"minecraft:piston":2,"minecraft:deepslate":23,"minecraft:mossy_cobblestone":52,"minecraft:dark_oak_log":1,"minecraft:end_stone":253,"minecraft:nether_bricks":1,"minecraft:spruce_fence":5,"minecraft:moss_block":1,"minecraft:kelp":48,"minecraft:redstone_ore":5,"minecraft:snow":1,"minecraft:andesite":472,"minecraft:potatoes":128,"minecraft:cobblestone_slab":10,"minecraft:rail":884,"minecraft:bamboo":8,"minecraft:bone_block":1,"minecraft:white_wool":14,"minecraft:smithing_table":2,"minecraft:oak_slab":37,"minecraft:glass_pane":31,"minecraft:soul_sand":109,"minecraft:stone_brick_slab":393,"minecraft:observer":2,"minecraft:dandelion":6,"minecraft:short_grass":230,"minecraft:emerald_ore":2,"minecraft:copper_ore":117,"minecraft:tall_grass":33,"minecraft:diorite":201,"minecraft:cobblestone_wall":18,"minecraft:spruce_log":10827,"minecraft:birch_leaves":11,"minecraft:sunflower":6,"minecraft:gravel":1911,"minecraft:spruce_fence_gate":8,"minecraft:stone_bricks":1149,"minecraft:fern":10,"minecraft:spruce_planks":277,"minecraft:oak_sapling":1,"minecraft:farmland":27,"minecraft:cobblestone_stairs":24,"minecraft:brewing_stand":2,"minecraft:spruce_trapdoor":4,"minecraft:grass_block":8749,"minecraft:cracked_polished_blackstone_bricks":1,"minecraft:soul_soil":34,"minecraft:composter":5,"minecraft:smooth_stone":2,"minecraft:glowstone":1,"minecraft:iron_ore":42,"minecraft:anvil":2,"minecraft:azure_bluet":3,"minecraft:brown_bed":2,"minecraft:dark_oak_stairs":3,"minecraft:red_tulip":1,"minecraft:iron_bars":14,"minecraft:deepslate_redstone_ore":2,"minecraft:purpur_stairs":6,"minecraft:clay":12,"minecraft:poppy":1,"minecraft:beacon":2,"minecraft:chest":8,"minecraft:nether_quartz_ore":61,"minecraft:cobblestone":539,"minecraft:grindstone":3,"minecraft:oak_planks":420,"minecraft:iron_door":6,"minecraft:wall_torch":8,"minecraft:seagrass":16,"minecraft:powered_rail":15,"minecraft:birch_log":6,"minecraft:yellow_wool":9,"minecraft:activator_rail":23,"minecraft:stripped_oak_wood":1,"minecraft:purpur_block":36,"minecraft:yellow_stained_glass_pane":5,"minecraft:oak_log":251,"minecraft:beetroots":11,"minecraft:sand":319,"minecraft:dirt":9911,"minecraft:wither_skeleton_skull":3,"minecraft:netherrack":202,"minecraft:oak_leaves":252,"minecraft:nether_gold_ore":1,"minecraft:tuff":12,"minecraft:dark_oak_leaves":1,"minecraft:deepslate_diamond_ore":21,"minecraft:oak_door":10,"minecraft:lever":1,"minecraft:ladder":1,"minecraft:soul_campfire":4,"minecraft:spruce_leaves":100,"minecraft:large_fern":1,"minecraft:oak_trapdoor":11,"minecraft:spruce_sapling":23,"minecraft:furnace":7,"minecraft:carrots":272,"minecraft:stripped_spruce_log":2,"minecraft:peony":2,"minecraft:bell":7,"minecraft:bookshelf":17,"minecraft:deepslate_iron_ore":4,"minecraft:stripped_oak_log":64,"minecraft:packed_ice":1,"minecraft:chorus_plant":2,"minecraft:stone":19744,"minecraft:white_tulip":1,"minecraft:podzol":117,"minecraft:magenta_stained_glass":1,"minecraft:basalt":2,"minecraft:crafting_table":15,"minecraft:oak_fence":64,"minecraft:rose_bush":1,"minecraft:lectern":225,"minecraft:stone_slab":5,"minecraft:ice":3,"minecraft:yellow_bed":86,"minecraft:coal_ore":275,"minecraft:terracotta":4,"minecraft:polished_andesite":1}},"DataVersion":3953}